{
  "roc_auc": 0.8107687749962968,
  "avg_precision": 0.9055413516440798,
  "brier": 0.14487281015543854,
  "calibration": {
    "mean_pred": [
      0.6505923589822905,
      0.747124199571941,
      0.8114690082907834,
      0.8634568728069193
    ],
    "frac_pos": [
      0.1,
      0.65,
      0.9291338582677166,
      0.8461538461538461
    ]
  }
}